subject,code,group,hemi,roi_category,measured_category,category_type,mds_shift
sub-004,OTC004,OTC,l,face,face,Unilateral,0.8056490821021569
sub-004,OTC004,OTC,l,face,word,Unilateral,0.3146670139917777
sub-004,OTC004,OTC,l,face,object,Bilateral,0.46907018034786396
sub-004,OTC004,OTC,l,face,house,Bilateral,0.6206916041771068
sub-004,OTC004,OTC,l,word,face,Unilateral,0.3202480836405711
sub-004,OTC004,OTC,l,word,word,Unilateral,0.3173025921423295
sub-004,OTC004,OTC,l,word,object,Bilateral,0.3605428274267046
sub-004,OTC004,OTC,l,word,house,Bilateral,0.28587032513230215
sub-004,OTC004,OTC,l,object,face,Unilateral,0.2999548363653463
sub-004,OTC004,OTC,l,object,word,Unilateral,0.14166575842052073
sub-004,OTC004,OTC,l,object,object,Bilateral,0.36538931704420347
sub-004,OTC004,OTC,l,object,house,Bilateral,0.5706989462657429
sub-004,OTC004,OTC,l,house,face,Unilateral,0.29341505359154385
sub-004,OTC004,OTC,l,house,word,Unilateral,0.24002548236924995
sub-004,OTC004,OTC,l,house,object,Bilateral,0.5810354431592222
sub-004,OTC004,OTC,l,house,house,Bilateral,0.8766982096816751
sub-007,nonOTC007,nonOTC,r,face,face,Unilateral,0.25496086781249966
sub-007,nonOTC007,nonOTC,r,face,word,Unilateral,0.2180003751354214
sub-007,nonOTC007,nonOTC,r,face,object,Bilateral,0.0629251789408812
sub-007,nonOTC007,nonOTC,r,face,house,Bilateral,0.4645714144579978
sub-007,nonOTC007,nonOTC,r,word,face,Unilateral,0.26551997788101833
sub-007,nonOTC007,nonOTC,r,word,word,Unilateral,0.3098338921180219
sub-007,nonOTC007,nonOTC,r,word,object,Bilateral,0.465489019632435
sub-007,nonOTC007,nonOTC,r,word,house,Bilateral,0.42235115262332296
sub-007,nonOTC007,nonOTC,r,object,face,Unilateral,0.10219073385264313
sub-007,nonOTC007,nonOTC,r,object,word,Unilateral,0.2858527178284801
sub-007,nonOTC007,nonOTC,r,object,object,Bilateral,0.3201655580941985
sub-007,nonOTC007,nonOTC,r,object,house,Bilateral,0.07026287700319922
sub-007,nonOTC007,nonOTC,r,house,face,Unilateral,0.2081020295568929
sub-007,nonOTC007,nonOTC,r,house,word,Unilateral,0.5946486996867674
sub-007,nonOTC007,nonOTC,r,house,object,Bilateral,0.6487619269473216
sub-007,nonOTC007,nonOTC,r,house,house,Bilateral,0.25825343836967396
sub-008,OTC008,OTC,l,face,face,Unilateral,0.3412275749187909
sub-008,OTC008,OTC,l,face,word,Unilateral,0.09212019943364319
sub-008,OTC008,OTC,l,face,object,Bilateral,0.38334103244698525
sub-008,OTC008,OTC,l,face,house,Bilateral,0.25906996614661404
sub-008,OTC008,OTC,l,word,face,Unilateral,0.479303630061739
sub-008,OTC008,OTC,l,word,word,Unilateral,0.3060304957625781
sub-008,OTC008,OTC,l,word,object,Bilateral,0.23415404084049615
sub-008,OTC008,OTC,l,word,house,Bilateral,0.24893144661627192
sub-008,OTC008,OTC,l,object,face,Unilateral,0.07489755395582123
sub-008,OTC008,OTC,l,object,word,Unilateral,0.2989564044187501
sub-008,OTC008,OTC,l,object,object,Bilateral,0.08546740589143846
sub-008,OTC008,OTC,l,object,house,Bilateral,0.32947849356153525
sub-008,OTC008,OTC,l,house,face,Unilateral,0.6028494922826964
sub-008,OTC008,OTC,l,house,word,Unilateral,0.2224374753440334
sub-008,OTC008,OTC,l,house,object,Bilateral,0.5671623969936527
sub-008,OTC008,OTC,l,house,house,Bilateral,0.3526894225789705
sub-010,OTC010,OTC,r,face,face,Unilateral,0.12125409122035168
sub-010,OTC010,OTC,r,face,word,Unilateral,0.2518694290328153
sub-010,OTC010,OTC,r,face,object,Bilateral,0.5001961840158886
sub-010,OTC010,OTC,r,face,house,Bilateral,0.3117743006786846
sub-010,OTC010,OTC,r,word,face,Unilateral,0.36525935069702176
sub-010,OTC010,OTC,r,word,word,Unilateral,0.4243106379352605
sub-010,OTC010,OTC,r,word,object,Bilateral,0.6109911103019524
sub-010,OTC010,OTC,r,word,house,Bilateral,0.42498216649139653
sub-010,OTC010,OTC,r,object,face,Unilateral,0.23532116971231323
sub-010,OTC010,OTC,r,object,word,Unilateral,0.3525156695608323
sub-010,OTC010,OTC,r,object,object,Bilateral,0.2602427400658975
sub-010,OTC010,OTC,r,object,house,Bilateral,0.8237923972784539
sub-010,OTC010,OTC,r,house,face,Unilateral,0.33716178020505494
sub-010,OTC010,OTC,r,house,word,Unilateral,0.10127111674059446
sub-010,OTC010,OTC,r,house,object,Bilateral,0.1136953731566315
sub-010,OTC010,OTC,r,house,house,Bilateral,0.2619598004997971
sub-017,OTC017,OTC,r,face,face,Unilateral,0.42545822714281595
sub-017,OTC017,OTC,r,face,word,Unilateral,0.16698193638715023
sub-017,OTC017,OTC,r,face,object,Bilateral,0.3551401190117406
sub-017,OTC017,OTC,r,face,house,Bilateral,0.3683094104120906
sub-017,OTC017,OTC,r,word,face,Unilateral,0.47622405891814373
sub-017,OTC017,OTC,r,word,word,Unilateral,0.264024530680183
sub-017,OTC017,OTC,r,word,object,Bilateral,0.6270167248825206
sub-017,OTC017,OTC,r,word,house,Bilateral,0.11209053169433564
sub-017,OTC017,OTC,r,object,face,Unilateral,0.05705351160766033
sub-017,OTC017,OTC,r,object,word,Unilateral,0.15602913766190998
sub-017,OTC017,OTC,r,object,object,Bilateral,0.16095792937936737
sub-017,OTC017,OTC,r,object,house,Bilateral,0.3454215444159308
sub-017,OTC017,OTC,r,house,face,Unilateral,0.393953569886609
sub-017,OTC017,OTC,r,house,word,Unilateral,0.38072796967041383
sub-017,OTC017,OTC,r,house,object,Bilateral,0.4274382926488623
sub-017,OTC017,OTC,r,house,house,Bilateral,0.32306628016056077
sub-021,OTC021,OTC,r,face,face,Unilateral,0.11499553605468688
sub-021,OTC021,OTC,r,face,word,Unilateral,0.039555757414764955
sub-021,OTC021,OTC,r,face,object,Bilateral,0.1362236330799621
sub-021,OTC021,OTC,r,face,house,Bilateral,0.22802153821930654
sub-021,OTC021,OTC,r,word,face,Unilateral,0.2358966611801929
sub-021,OTC021,OTC,r,word,word,Unilateral,0.19778509566092223
sub-021,OTC021,OTC,r,word,object,Bilateral,0.22194196146769304
sub-021,OTC021,OTC,r,word,house,Bilateral,0.3621896930849909
sub-021,OTC021,OTC,r,object,face,Unilateral,0.10772297083427303
sub-021,OTC021,OTC,r,object,word,Unilateral,0.1559898796273319
sub-021,OTC021,OTC,r,object,object,Bilateral,0.15986024765864834
sub-021,OTC021,OTC,r,object,house,Bilateral,0.10929978239186301
sub-021,OTC021,OTC,r,house,face,Unilateral,0.5581623202084827
sub-021,OTC021,OTC,r,house,word,Unilateral,0.42301718900248403
sub-021,OTC021,OTC,r,house,object,Bilateral,0.8096994654497427
sub-021,OTC021,OTC,r,house,house,Bilateral,0.2052545608661395
sub-045,nonOTC045,nonOTC,r,face,face,Unilateral,0.07270129807393849
sub-045,nonOTC045,nonOTC,r,face,word,Unilateral,0.10053767313095713
sub-045,nonOTC045,nonOTC,r,face,object,Bilateral,0.21690590136787538
sub-045,nonOTC045,nonOTC,r,face,house,Bilateral,0.12101455478608353
sub-045,nonOTC045,nonOTC,r,word,face,Unilateral,0.11287491220102752
sub-045,nonOTC045,nonOTC,r,word,word,Unilateral,0.25541274632966515
sub-045,nonOTC045,nonOTC,r,word,object,Bilateral,0.2697518574435661
sub-045,nonOTC045,nonOTC,r,word,house,Bilateral,0.2333963901750836
sub-045,nonOTC045,nonOTC,r,object,face,Unilateral,0.15202855368256638
sub-045,nonOTC045,nonOTC,r,object,word,Unilateral,0.08028619346092261
sub-045,nonOTC045,nonOTC,r,object,object,Bilateral,0.19538035729438633
sub-045,nonOTC045,nonOTC,r,object,house,Bilateral,0.05084313995553498
sub-045,nonOTC045,nonOTC,r,house,face,Unilateral,0.23319092739592526
sub-045,nonOTC045,nonOTC,r,house,word,Unilateral,0.06348891362942467
sub-045,nonOTC045,nonOTC,r,house,object,Bilateral,0.5769611701624707
sub-045,nonOTC045,nonOTC,r,house,house,Bilateral,0.5783282881895846
sub-047,nonOTC047,nonOTC,l,face,face,Unilateral,0.11453667661593668
sub-047,nonOTC047,nonOTC,l,face,word,Unilateral,0.10779770102450985
sub-047,nonOTC047,nonOTC,l,face,object,Bilateral,0.04929962029254086
sub-047,nonOTC047,nonOTC,l,face,house,Bilateral,0.11231087595051845
sub-047,nonOTC047,nonOTC,l,word,face,Unilateral,0.35091265279219164
sub-047,nonOTC047,nonOTC,l,word,word,Unilateral,0.242050392390078
sub-047,nonOTC047,nonOTC,l,word,object,Bilateral,0.345141968011015
sub-047,nonOTC047,nonOTC,l,word,house,Bilateral,0.5470533341919559
sub-047,nonOTC047,nonOTC,l,object,face,Unilateral,0.18781910315726744
sub-047,nonOTC047,nonOTC,l,object,word,Unilateral,0.34215146278564046
sub-047,nonOTC047,nonOTC,l,object,object,Bilateral,0.11687669149342944
sub-047,nonOTC047,nonOTC,l,object,house,Bilateral,0.2331641787822633
sub-047,nonOTC047,nonOTC,l,house,face,Unilateral,0.20178654982621883
sub-047,nonOTC047,nonOTC,l,house,word,Unilateral,0.32658678862473833
sub-047,nonOTC047,nonOTC,l,house,object,Bilateral,0.39344453051647565
sub-047,nonOTC047,nonOTC,l,house,house,Bilateral,0.3700171755959409
sub-049,nonOTC049,nonOTC,l,face,face,Unilateral,0.0822282436968749
sub-049,nonOTC049,nonOTC,l,face,word,Unilateral,0.07508853731274809
sub-049,nonOTC049,nonOTC,l,face,object,Bilateral,0.028776404262501
sub-049,nonOTC049,nonOTC,l,face,house,Bilateral,0.12555779450676224
sub-049,nonOTC049,nonOTC,l,word,face,Unilateral,0.21015573747934457
sub-049,nonOTC049,nonOTC,l,word,word,Unilateral,0.1721611292379396
sub-049,nonOTC049,nonOTC,l,word,object,Bilateral,0.2813984476898891
sub-049,nonOTC049,nonOTC,l,word,house,Bilateral,0.1753773242512729
sub-049,nonOTC049,nonOTC,l,object,face,Unilateral,0.1030152589307497
sub-049,nonOTC049,nonOTC,l,object,word,Unilateral,0.1805741684470523
sub-049,nonOTC049,nonOTC,l,object,object,Bilateral,0.20362448033116165
sub-049,nonOTC049,nonOTC,l,object,house,Bilateral,0.2841186964425939
sub-049,nonOTC049,nonOTC,l,house,face,Unilateral,0.15914728091929778
sub-049,nonOTC049,nonOTC,l,house,word,Unilateral,0.35303652866173896
sub-049,nonOTC049,nonOTC,l,house,object,Bilateral,0.5537466060741559
sub-049,nonOTC049,nonOTC,l,house,house,Bilateral,0.3869638682613
sub-070,nonOTC070,nonOTC,r,face,face,Unilateral,0.011332839070101752
sub-070,nonOTC070,nonOTC,r,face,word,Unilateral,0.19851599451990426
sub-070,nonOTC070,nonOTC,r,face,object,Bilateral,0.12359991730625312
sub-070,nonOTC070,nonOTC,r,face,house,Bilateral,0.10655603815781639
sub-070,nonOTC070,nonOTC,r,word,face,Unilateral,0.014372104909480553
sub-070,nonOTC070,nonOTC,r,word,word,Unilateral,0.07042964746515704
sub-070,nonOTC070,nonOTC,r,word,object,Bilateral,0.0801941686742674
sub-070,nonOTC070,nonOTC,r,word,house,Bilateral,0.11383144308211438
sub-070,nonOTC070,nonOTC,r,object,face,Unilateral,0.033191253146683045
sub-070,nonOTC070,nonOTC,r,object,word,Unilateral,0.07074859835202767
sub-070,nonOTC070,nonOTC,r,object,object,Bilateral,0.0954375816010757
sub-070,nonOTC070,nonOTC,r,object,house,Bilateral,0.0064851516573970255
sub-070,nonOTC070,nonOTC,r,house,face,Unilateral,0.1570106179197627
sub-070,nonOTC070,nonOTC,r,house,word,Unilateral,0.18517670909281728
sub-070,nonOTC070,nonOTC,r,house,object,Bilateral,0.18585908998898978
sub-070,nonOTC070,nonOTC,r,house,house,Bilateral,0.15062538184881147
sub-072,nonOTC072,nonOTC,l,face,face,Unilateral,0.15886706996885636
sub-072,nonOTC072,nonOTC,l,face,word,Unilateral,0.16609475081270125
sub-072,nonOTC072,nonOTC,l,face,object,Bilateral,0.37439758555790614
sub-072,nonOTC072,nonOTC,l,face,house,Bilateral,0.29774999208676056
sub-072,nonOTC072,nonOTC,l,word,face,Unilateral,0.19803636488485155
sub-072,nonOTC072,nonOTC,l,word,word,Unilateral,0.10775658165320365
sub-072,nonOTC072,nonOTC,l,word,object,Bilateral,0.14986374405888744
sub-072,nonOTC072,nonOTC,l,word,house,Bilateral,0.3835212644216544
sub-072,nonOTC072,nonOTC,l,object,face,Unilateral,0.0893577140106413
sub-072,nonOTC072,nonOTC,l,object,word,Unilateral,0.35536907159408176
sub-072,nonOTC072,nonOTC,l,object,object,Bilateral,0.2192074628423021
sub-072,nonOTC072,nonOTC,l,object,house,Bilateral,0.13265979723777543
sub-072,nonOTC072,nonOTC,l,house,face,Unilateral,0.05297824836186974
sub-072,nonOTC072,nonOTC,l,house,word,Unilateral,0.1116495980672037
sub-072,nonOTC072,nonOTC,l,house,object,Bilateral,0.13835061223402872
sub-072,nonOTC072,nonOTC,l,house,house,Bilateral,0.1418331835406503
sub-073,nonOTC073,nonOTC,l,face,face,Unilateral,0.2127693384772314
sub-073,nonOTC073,nonOTC,l,face,word,Unilateral,0.48762208653747097
sub-073,nonOTC073,nonOTC,l,face,object,Bilateral,0.4748597394562682
sub-073,nonOTC073,nonOTC,l,face,house,Bilateral,0.27224385356712943
sub-073,nonOTC073,nonOTC,l,word,face,Unilateral,0.29160054550074704
sub-073,nonOTC073,nonOTC,l,word,word,Unilateral,0.3390067672212095
sub-073,nonOTC073,nonOTC,l,word,object,Bilateral,0.14114531097669028
sub-073,nonOTC073,nonOTC,l,word,house,Bilateral,0.14304891665682123
sub-073,nonOTC073,nonOTC,l,object,face,Unilateral,0.14432277996902249
sub-073,nonOTC073,nonOTC,l,object,word,Unilateral,0.16104203062895972
sub-073,nonOTC073,nonOTC,l,object,object,Bilateral,0.10015120495037218
sub-073,nonOTC073,nonOTC,l,object,house,Bilateral,0.264133446874052
sub-073,nonOTC073,nonOTC,l,house,face,Unilateral,0.2989995204452595
sub-073,nonOTC073,nonOTC,l,house,word,Unilateral,0.010132108800917384
sub-073,nonOTC073,nonOTC,l,house,object,Bilateral,0.04886440814733874
sub-073,nonOTC073,nonOTC,l,house,house,Bilateral,0.3225213006411965
sub-081,nonOTC081,nonOTC,r,face,face,Unilateral,0.13301866284693584
sub-081,nonOTC081,nonOTC,r,face,word,Unilateral,0.17055164721227467
sub-081,nonOTC081,nonOTC,r,face,object,Bilateral,0.13995605448314707
sub-081,nonOTC081,nonOTC,r,face,house,Bilateral,0.17717888164938694
sub-081,nonOTC081,nonOTC,r,word,face,Unilateral,0.33565845857584636
sub-081,nonOTC081,nonOTC,r,word,word,Unilateral,0.12293828968765524
sub-081,nonOTC081,nonOTC,r,word,object,Bilateral,0.4068541570118604
sub-081,nonOTC081,nonOTC,r,word,house,Bilateral,0.17593826640135984
sub-081,nonOTC081,nonOTC,r,object,face,Unilateral,0.46052712217115577
sub-081,nonOTC081,nonOTC,r,object,word,Unilateral,0.4156592826992445
sub-081,nonOTC081,nonOTC,r,object,object,Bilateral,0.503855568070216
sub-081,nonOTC081,nonOTC,r,object,house,Bilateral,0.29022646250986994
sub-081,nonOTC081,nonOTC,r,house,face,Unilateral,0.5764692093792753
sub-081,nonOTC081,nonOTC,r,house,word,Unilateral,0.5855994175374626
sub-081,nonOTC081,nonOTC,r,house,object,Bilateral,0.5540570160551833
sub-081,nonOTC081,nonOTC,r,house,house,Bilateral,0.11019766609773993
sub-086,nonOTC086,nonOTC,l,face,face,Unilateral,0.22400498714997288
sub-086,nonOTC086,nonOTC,l,face,word,Unilateral,0.09632007809582695
sub-086,nonOTC086,nonOTC,l,face,object,Bilateral,0.11866437833327123
sub-086,nonOTC086,nonOTC,l,face,house,Bilateral,0.21603547633839654
sub-086,nonOTC086,nonOTC,l,word,face,Unilateral,0.23051575274136243
sub-086,nonOTC086,nonOTC,l,word,word,Unilateral,0.23006515133634486
sub-086,nonOTC086,nonOTC,l,word,object,Bilateral,0.26778351461254785
sub-086,nonOTC086,nonOTC,l,word,house,Bilateral,0.3387072232266888
sub-086,nonOTC086,nonOTC,l,object,face,Unilateral,0.13663638027948993
sub-086,nonOTC086,nonOTC,l,object,word,Unilateral,0.1594152954081269
sub-086,nonOTC086,nonOTC,l,object,object,Bilateral,0.24794662299414186
sub-086,nonOTC086,nonOTC,l,object,house,Bilateral,0.25390053606951485
sub-086,nonOTC086,nonOTC,l,house,face,Unilateral,0.063770402312274
sub-086,nonOTC086,nonOTC,l,house,word,Unilateral,0.2360211429235284
sub-086,nonOTC086,nonOTC,l,house,object,Bilateral,0.1412830703236811
sub-086,nonOTC086,nonOTC,l,house,house,Bilateral,0.19660413533148483
sub-079,OTC079,OTC,r,face,face,Unilateral,0.17903185463043708
sub-079,OTC079,OTC,r,face,word,Unilateral,0.1614431626496219
sub-079,OTC079,OTC,r,face,object,Bilateral,0.08764010972136994
sub-079,OTC079,OTC,r,face,house,Bilateral,0.02655016353332887
sub-079,OTC079,OTC,r,word,face,Unilateral,0.5685081836302128
sub-079,OTC079,OTC,r,word,word,Unilateral,0.3564112810011227
sub-079,OTC079,OTC,r,word,object,Bilateral,0.7905279015186365
sub-079,OTC079,OTC,r,word,house,Bilateral,0.31459607195392314
sub-079,OTC079,OTC,r,object,face,Unilateral,0.39282367014189257
sub-079,OTC079,OTC,r,object,word,Unilateral,0.18892918360317607
sub-079,OTC079,OTC,r,object,object,Bilateral,0.18145272527323383
sub-079,OTC079,OTC,r,object,house,Bilateral,0.7281747806007861
sub-079,OTC079,OTC,r,house,face,Unilateral,0.32461279269336263
sub-079,OTC079,OTC,r,house,word,Unilateral,0.6717563383283623
sub-079,OTC079,OTC,r,house,object,Bilateral,0.6935084772033265
sub-079,OTC079,OTC,r,house,house,Bilateral,0.34809798135794956
sub-018,control018,control,l,face,face,Unilateral,0.03776930545976044
sub-018,control018,control,l,face,word,Unilateral,0.40975959054886646
sub-018,control018,control,l,face,object,Bilateral,0.15122091147007802
sub-018,control018,control,l,face,house,Bilateral,0.32942536808327516
sub-018,control018,control,l,word,face,Unilateral,0.40903190914443105
sub-018,control018,control,l,word,word,Unilateral,0.5715701508318919
sub-018,control018,control,l,word,object,Bilateral,0.2900700991389867
sub-018,control018,control,l,word,house,Bilateral,0.47386913589198265
sub-018,control018,control,l,object,face,Unilateral,0.29921371400843133
sub-018,control018,control,l,object,word,Unilateral,0.08019890201063137
sub-018,control018,control,l,object,object,Bilateral,0.2968650531366623
sub-018,control018,control,l,object,house,Bilateral,0.06590704269665221
sub-018,control018,control,l,house,face,Unilateral,0.4890993302238965
sub-018,control018,control,l,house,word,Unilateral,0.21288509684923904
sub-018,control018,control,l,house,object,Bilateral,0.29140271484244085
sub-018,control018,control,l,house,house,Bilateral,0.2817820765091595
sub-018,control018,control,r,face,face,Unilateral,0.5625118786721821
sub-018,control018,control,r,face,word,Unilateral,0.16459649682412925
sub-018,control018,control,r,face,object,Bilateral,0.366365989367308
sub-018,control018,control,r,face,house,Bilateral,0.24485953426178655
sub-018,control018,control,r,word,face,Unilateral,0.5552438960393755
sub-018,control018,control,r,word,word,Unilateral,0.1881598103334047
sub-018,control018,control,r,word,object,Bilateral,0.34013717633549057
sub-018,control018,control,r,word,house,Bilateral,0.7024932023234429
sub-018,control018,control,r,object,face,Unilateral,0.15763595638170777
sub-018,control018,control,r,object,word,Unilateral,0.24672146758206404
sub-018,control018,control,r,object,object,Bilateral,0.09613192783553282
sub-018,control018,control,r,object,house,Bilateral,0.12745110887720407
sub-018,control018,control,r,house,face,Unilateral,0.13256687797440678
sub-018,control018,control,r,house,word,Unilateral,0.7252883400786887
sub-018,control018,control,r,house,object,Bilateral,0.5535096714623156
sub-018,control018,control,r,house,house,Bilateral,0.3607993371972099
sub-022,control022,control,l,face,face,Unilateral,0.28050172401916396
sub-022,control022,control,l,face,word,Unilateral,0.11618641695901705
sub-022,control022,control,l,face,object,Bilateral,0.184880035961226
sub-022,control022,control,l,face,house,Bilateral,0.14702821254428655
sub-022,control022,control,l,word,face,Unilateral,0.0995294365034405
sub-022,control022,control,l,word,word,Unilateral,0.18607769684696446
sub-022,control022,control,l,word,object,Bilateral,0.07029062788992844
sub-022,control022,control,l,word,house,Bilateral,0.31126993276492637
sub-022,control022,control,l,object,face,Unilateral,0.24620466641999023
sub-022,control022,control,l,object,word,Unilateral,0.20131476560258924
sub-022,control022,control,l,object,object,Bilateral,0.15246843372717558
sub-022,control022,control,l,object,house,Bilateral,0.46470096055915816
sub-022,control022,control,l,house,face,Unilateral,0.11297726097960296
sub-022,control022,control,l,house,word,Unilateral,0.11776656913678099
sub-022,control022,control,l,house,object,Bilateral,0.04469233775929975
sub-022,control022,control,l,house,house,Bilateral,0.10608155579239091
sub-022,control022,control,r,face,face,Unilateral,0.12831110004438032
sub-022,control022,control,r,face,word,Unilateral,0.27140015810064794
sub-022,control022,control,r,face,object,Bilateral,0.05196147868908222
sub-022,control022,control,r,face,house,Bilateral,0.33702882174947035
sub-022,control022,control,r,word,face,Unilateral,0.3996654534442732
sub-022,control022,control,r,word,word,Unilateral,0.21569157411341833
sub-022,control022,control,r,word,object,Bilateral,0.022807795414587086
sub-022,control022,control,r,word,house,Bilateral,0.18316984126185645
sub-022,control022,control,r,object,face,Unilateral,0.23097866155041386
sub-022,control022,control,r,object,word,Unilateral,0.06447983981717531
sub-022,control022,control,r,object,object,Bilateral,0.6138049085323423
sub-022,control022,control,r,object,house,Bilateral,0.35461950315531693
sub-022,control022,control,r,house,face,Unilateral,0.25447865221698307
sub-022,control022,control,r,house,word,Unilateral,0.06580390754579613
sub-022,control022,control,r,house,object,Bilateral,0.2837928931152423
sub-022,control022,control,r,house,house,Bilateral,0.17340090607520292
sub-025,control025,control,l,face,face,Unilateral,0.3943429097532718
sub-025,control025,control,l,face,word,Unilateral,0.2325216219290166
sub-025,control025,control,l,face,object,Bilateral,0.4201612558463771
sub-025,control025,control,l,face,house,Bilateral,0.26712871359103596
sub-025,control025,control,l,word,face,Unilateral,0.36072729981319746
sub-025,control025,control,l,word,word,Unilateral,0.021248349159112834
sub-025,control025,control,l,word,object,Bilateral,0.30937404757217873
sub-025,control025,control,l,word,house,Bilateral,0.06304376733521214
sub-025,control025,control,l,object,face,Unilateral,0.13673218524627398
sub-025,control025,control,l,object,word,Unilateral,0.6873726150605076
sub-025,control025,control,l,object,object,Bilateral,0.2981204210536683
sub-025,control025,control,l,object,house,Bilateral,0.26356352945397965
sub-025,control025,control,l,house,face,Unilateral,0.370815910476143
sub-025,control025,control,l,house,word,Unilateral,0.6790960844317114
sub-025,control025,control,l,house,object,Bilateral,0.16349626054884756
sub-025,control025,control,l,house,house,Bilateral,0.30186415347842277
sub-025,control025,control,r,face,face,Unilateral,0.2590860318383576
sub-025,control025,control,r,face,word,Unilateral,0.2618287047885789
sub-025,control025,control,r,face,object,Bilateral,0.206446460893507
sub-025,control025,control,r,face,house,Bilateral,0.09302258755756938
sub-025,control025,control,r,word,face,Unilateral,0.1473725387188162
sub-025,control025,control,r,word,word,Unilateral,0.3080496237183204
sub-025,control025,control,r,word,object,Bilateral,0.31556845590747756
sub-025,control025,control,r,word,house,Bilateral,0.1583406121936768
sub-025,control025,control,r,object,face,Unilateral,0.1446261678585668
sub-025,control025,control,r,object,word,Unilateral,0.11613894217935115
sub-025,control025,control,r,object,object,Bilateral,0.19734965839167196
sub-025,control025,control,r,object,house,Bilateral,0.12422412326169921
sub-025,control025,control,r,house,face,Unilateral,0.6452596312289914
sub-025,control025,control,r,house,word,Unilateral,0.2568547508303763
sub-025,control025,control,r,house,object,Bilateral,0.2114316627217364
sub-025,control025,control,r,house,house,Bilateral,0.1804092845851397
sub-027,control027,control,l,face,face,Unilateral,0.19068977687619568
sub-027,control027,control,l,face,word,Unilateral,0.1970113838226202
sub-027,control027,control,l,face,object,Bilateral,0.12258110855252088
sub-027,control027,control,l,face,house,Bilateral,0.25338918273330946
sub-027,control027,control,l,word,face,Unilateral,0.2724358863824916
sub-027,control027,control,l,word,word,Unilateral,0.3982321093593869
sub-027,control027,control,l,word,object,Bilateral,0.4353446443996653
sub-027,control027,control,l,word,house,Bilateral,0.24617852914028623
sub-027,control027,control,l,object,face,Unilateral,0.13150885143691818
sub-027,control027,control,l,object,word,Unilateral,0.206562508406117
sub-027,control027,control,l,object,object,Bilateral,0.3203076773199073
sub-027,control027,control,l,object,house,Bilateral,0.43933381100315383
sub-027,control027,control,l,house,face,Unilateral,0.4152970655404647
sub-027,control027,control,l,house,word,Unilateral,0.5576177119259444
sub-027,control027,control,l,house,object,Bilateral,0.785906667892459
sub-027,control027,control,l,house,house,Bilateral,0.4849007045000886
sub-027,control027,control,r,face,face,Unilateral,0.1512534972340457
sub-027,control027,control,r,face,word,Unilateral,0.22358876968365043
sub-027,control027,control,r,face,object,Bilateral,0.1571569454481463
sub-027,control027,control,r,face,house,Bilateral,0.19144645867278126
sub-027,control027,control,r,word,face,Unilateral,0.3536743438597948
sub-027,control027,control,r,word,word,Unilateral,0.21357885102814125
sub-027,control027,control,r,word,object,Bilateral,0.5338976075810544
sub-027,control027,control,r,word,house,Bilateral,0.3869615102833285
sub-027,control027,control,r,object,face,Unilateral,0.2167575716639359
sub-027,control027,control,r,object,word,Unilateral,0.3157400235833509
sub-027,control027,control,r,object,object,Bilateral,0.1800077858911304
sub-027,control027,control,r,object,house,Bilateral,0.08343417646456061
sub-027,control027,control,r,house,face,Unilateral,0.49282160743485515
sub-027,control027,control,r,house,word,Unilateral,0.21460756687354032
sub-027,control027,control,r,house,object,Bilateral,0.36625857727290256
sub-027,control027,control,r,house,house,Bilateral,0.3785972655154108
sub-052,control052,control,l,face,face,Unilateral,0.2935468035348168
sub-052,control052,control,l,face,word,Unilateral,0.17022282841643613
sub-052,control052,control,l,face,object,Bilateral,0.3501822607483896
sub-052,control052,control,l,face,house,Bilateral,0.034853998531025686
sub-052,control052,control,l,word,face,Unilateral,0.19417076030981772
sub-052,control052,control,l,word,word,Unilateral,0.18259364382487744
sub-052,control052,control,l,word,object,Bilateral,0.3146914946116848
sub-052,control052,control,l,word,house,Bilateral,0.2604726264782454
sub-052,control052,control,l,object,face,Unilateral,0.481856787487099
sub-052,control052,control,l,object,word,Unilateral,0.1402658975725924
sub-052,control052,control,l,object,object,Bilateral,0.18564100533724331
sub-052,control052,control,l,object,house,Bilateral,0.34324685922363984
sub-052,control052,control,l,house,face,Unilateral,0.44017767384166945
sub-052,control052,control,l,house,word,Unilateral,0.6998174201614084
sub-052,control052,control,l,house,object,Bilateral,0.49775691846221415
sub-052,control052,control,l,house,house,Bilateral,0.5027945683508721
sub-052,control052,control,r,face,face,Unilateral,0.16811117723550367
sub-052,control052,control,r,face,word,Unilateral,0.22204400115629835
sub-052,control052,control,r,face,object,Bilateral,0.2996958647834172
sub-052,control052,control,r,face,house,Bilateral,0.09738097301982838
sub-052,control052,control,r,word,face,Unilateral,0.2204014023722225
sub-052,control052,control,r,word,word,Unilateral,0.5304063075006626
sub-052,control052,control,r,word,object,Bilateral,0.6499823167016999
sub-052,control052,control,r,word,house,Bilateral,0.14031550188146713
sub-052,control052,control,r,object,face,Unilateral,0.654269453994449
sub-052,control052,control,r,object,word,Unilateral,0.25162753200293814
sub-052,control052,control,r,object,object,Bilateral,0.464088098468669
sub-052,control052,control,r,object,house,Bilateral,0.3102805066813029
sub-052,control052,control,r,house,face,Unilateral,0.15007520487080533
sub-052,control052,control,r,house,word,Unilateral,0.3456423150226714
sub-052,control052,control,r,house,object,Bilateral,0.3634128009566244
sub-052,control052,control,r,house,house,Bilateral,0.09920032677613387
sub-058,control058,control,l,face,face,Unilateral,0.030125764427807206
sub-058,control058,control,l,face,word,Unilateral,0.07780636484404053
sub-058,control058,control,l,face,object,Bilateral,0.1807372076119131
sub-058,control058,control,l,face,house,Bilateral,0.15393754148009883
sub-058,control058,control,l,word,face,Unilateral,0.12390840682373262
sub-058,control058,control,l,word,word,Unilateral,0.17715869550813582
sub-058,control058,control,l,word,object,Bilateral,0.335869804606511
sub-058,control058,control,l,word,house,Bilateral,0.1784454085534341
sub-058,control058,control,l,object,face,Unilateral,0.35365355137045446
sub-058,control058,control,l,object,word,Unilateral,0.25287633903290263
sub-058,control058,control,l,object,object,Bilateral,0.4192077940083769
sub-058,control058,control,l,object,house,Bilateral,0.4526081684638762
sub-058,control058,control,l,house,face,Unilateral,0.1634709142687969
sub-058,control058,control,l,house,word,Unilateral,0.39429831008567934
sub-058,control058,control,l,house,object,Bilateral,0.5115342255963453
sub-058,control058,control,l,house,house,Bilateral,0.14078626032695454
sub-058,control058,control,r,face,face,Unilateral,0.3739054672192702
sub-058,control058,control,r,face,word,Unilateral,0.1966254427978611
sub-058,control058,control,r,face,object,Bilateral,0.500455844400657
sub-058,control058,control,r,face,house,Bilateral,0.057077641154962534
sub-058,control058,control,r,word,face,Unilateral,0.08333312809136723
sub-058,control058,control,r,word,word,Unilateral,0.3101483256192537
sub-058,control058,control,r,word,object,Bilateral,0.18821771017484362
sub-058,control058,control,r,word,house,Bilateral,0.36262317651724635
sub-058,control058,control,r,object,face,Unilateral,0.060418314066209
sub-058,control058,control,r,object,word,Unilateral,0.2743829921009017
sub-058,control058,control,r,object,object,Bilateral,0.21899674356848584
sub-058,control058,control,r,object,house,Bilateral,0.050561064871551646
sub-058,control058,control,r,house,face,Unilateral,0.3281969160996528
sub-058,control058,control,r,house,word,Unilateral,0.2422019849002691
sub-058,control058,control,r,house,object,Bilateral,0.358015543311856
sub-058,control058,control,r,house,house,Bilateral,0.2565625562342482
sub-062,control062,control,l,face,face,Unilateral,0.20032935345147032
sub-062,control062,control,l,face,word,Unilateral,0.18387177975660338
sub-062,control062,control,l,face,object,Bilateral,0.15033236692097604
sub-062,control062,control,l,face,house,Bilateral,0.18081250153350037
sub-062,control062,control,l,word,face,Unilateral,0.023674269679980528
sub-062,control062,control,l,word,word,Unilateral,0.06199158393940239
sub-062,control062,control,l,word,object,Bilateral,0.24672448561159338
sub-062,control062,control,l,word,house,Bilateral,0.32166210197557665
sub-062,control062,control,l,object,face,Unilateral,0.07491117387340349
sub-062,control062,control,l,object,word,Unilateral,0.03521107496309807
sub-062,control062,control,l,object,object,Bilateral,0.12050662793522672
sub-062,control062,control,l,object,house,Bilateral,0.12457667503127492
sub-062,control062,control,l,house,face,Unilateral,0.05418467892210721
sub-062,control062,control,l,house,word,Unilateral,0.14003706631595986
sub-062,control062,control,l,house,object,Bilateral,0.16192934487675584
sub-062,control062,control,l,house,house,Bilateral,0.2004277423501388
sub-062,control062,control,r,face,face,Unilateral,0.07159092330800292
sub-062,control062,control,r,face,word,Unilateral,0.11311839108964931
sub-062,control062,control,r,face,object,Bilateral,0.0247880686525115
sub-062,control062,control,r,face,house,Bilateral,0.01708590953789248
sub-062,control062,control,r,word,face,Unilateral,0.16977325502702356
sub-062,control062,control,r,word,word,Unilateral,0.1326249911480805
sub-062,control062,control,r,word,object,Bilateral,0.24130581173675736
sub-062,control062,control,r,word,house,Bilateral,0.27375369048369397
sub-062,control062,control,r,object,face,Unilateral,0.012774245303759488
sub-062,control062,control,r,object,word,Unilateral,0.052849405995520696
sub-062,control062,control,r,object,object,Bilateral,0.15423958479916672
sub-062,control062,control,r,object,house,Bilateral,0.20274581056260577
sub-062,control062,control,r,house,face,Unilateral,0.007935461998897289
sub-062,control062,control,r,house,word,Unilateral,0.12093199514888413
sub-062,control062,control,r,house,object,Bilateral,0.07830454341871151
sub-062,control062,control,r,house,house,Bilateral,0.11186024884444876
sub-064,control064,control,l,face,face,Unilateral,0.040938152299637716
sub-064,control064,control,l,face,word,Unilateral,0.193252435016087
sub-064,control064,control,l,face,object,Bilateral,0.09498190656886674
sub-064,control064,control,l,face,house,Bilateral,0.11610704232478436
sub-064,control064,control,l,word,face,Unilateral,0.32407581198045615
sub-064,control064,control,l,word,word,Unilateral,0.0712277741855176
sub-064,control064,control,l,word,object,Bilateral,0.34340243878586435
sub-064,control064,control,l,word,house,Bilateral,0.13941760061413103
sub-064,control064,control,l,object,face,Unilateral,0.30739680371449285
sub-064,control064,control,l,object,word,Unilateral,0.2965166061066668
sub-064,control064,control,l,object,object,Bilateral,0.42697532913381253
sub-064,control064,control,l,object,house,Bilateral,0.68290693668208
sub-064,control064,control,l,house,face,Unilateral,0.24879963221584453
sub-064,control064,control,l,house,word,Unilateral,0.432805864113409
sub-064,control064,control,l,house,object,Bilateral,0.3950788732066486
sub-064,control064,control,l,house,house,Bilateral,0.12835758429635624
sub-064,control064,control,r,face,face,Unilateral,0.09549968919372787
sub-064,control064,control,r,face,word,Unilateral,0.0329821112887044
sub-064,control064,control,r,face,object,Bilateral,0.07312946820892086
sub-064,control064,control,r,face,house,Bilateral,0.0904515384507228
sub-064,control064,control,r,word,face,Unilateral,0.19020813607875475
sub-064,control064,control,r,word,word,Unilateral,0.4279058994272781
sub-064,control064,control,r,word,object,Bilateral,0.29648128462288525
sub-064,control064,control,r,word,house,Bilateral,0.5499550316718473
sub-064,control064,control,r,object,face,Unilateral,0.15763636645672208
sub-064,control064,control,r,object,word,Unilateral,0.1729401279180326
sub-064,control064,control,r,object,object,Bilateral,0.15687585177236088
sub-064,control064,control,r,object,house,Bilateral,0.15254244083948246
sub-064,control064,control,r,house,face,Unilateral,0.12492793929837542
sub-064,control064,control,r,house,word,Unilateral,0.30718216226003425
sub-064,control064,control,r,house,object,Bilateral,0.0779274942373019
sub-064,control064,control,r,house,house,Bilateral,0.27883555237038943
sub-068,control068,control,l,face,face,Unilateral,0.2356314181049352
sub-068,control068,control,l,face,word,Unilateral,0.17583249683070157
sub-068,control068,control,l,face,object,Bilateral,0.1698335099391438
sub-068,control068,control,l,face,house,Bilateral,0.17410466097518917
sub-068,control068,control,l,word,face,Unilateral,0.080697809882263
sub-068,control068,control,l,word,word,Unilateral,0.1871148799438793
sub-068,control068,control,l,word,object,Bilateral,0.271506033173195
sub-068,control068,control,l,word,house,Bilateral,0.10138939832052081
sub-068,control068,control,l,object,face,Unilateral,0.2706515848237394
sub-068,control068,control,l,object,word,Unilateral,0.19038037953705192
sub-068,control068,control,l,object,object,Bilateral,0.3559229327200411
sub-068,control068,control,l,object,house,Bilateral,0.30796061218276344
sub-068,control068,control,l,house,face,Unilateral,0.4216017590418765
sub-068,control068,control,l,house,word,Unilateral,0.5571949787907007
sub-068,control068,control,l,house,object,Bilateral,0.7213775878184796
sub-068,control068,control,l,house,house,Bilateral,0.5358698187815267
sub-068,control068,control,r,face,face,Unilateral,0.10824945811871169
sub-068,control068,control,r,face,word,Unilateral,0.13226437196854124
sub-068,control068,control,r,face,object,Bilateral,0.14372970949502345
sub-068,control068,control,r,face,house,Bilateral,0.06556704181361175
sub-068,control068,control,r,word,face,Unilateral,0.2695186397907285
sub-068,control068,control,r,word,word,Unilateral,0.5634336200858271
sub-068,control068,control,r,word,object,Bilateral,0.13764502446704402
sub-068,control068,control,r,word,house,Bilateral,0.6905953936053726
sub-068,control068,control,r,object,face,Unilateral,0.24004856025831717
sub-068,control068,control,r,object,word,Unilateral,0.10616510679504068
sub-068,control068,control,r,object,object,Bilateral,0.403618845229209
sub-068,control068,control,r,object,house,Bilateral,0.1625142094439
sub-068,control068,control,r,house,face,Unilateral,0.300985719691093
sub-068,control068,control,r,house,word,Unilateral,0.32767835333154205
sub-068,control068,control,r,house,object,Bilateral,0.25671689517979895
sub-068,control068,control,r,house,house,Bilateral,0.587519536552064
